Transacted Price ($),Sale Date,Address,Planning Area
"800,000",20 Nov 2018,10 PARI DEDAP WALK #06-17,Bedok
"2,180,000",20 Nov 2018,923 BUKIT TIMAH ROAD #05-06,Bukit Timah
"2,900,000",20 Nov 2018,151 STEVENS ROAD #02-01,Tanglin
"6,050,000",20 Nov 2018,329 RIVER VALLEY ROAD #22-01,River Valley
"835,000",20 Nov 2018,90 ELIAS ROAD #03-29,Pasir Ris
"1,150,000",20 Nov 2018,2 FLORA DRIVE #07-35,Pasir Ris
"1,550,000",20 Nov 2018,57 SUNRISE AVENUE #04-12,Ang Mo Kio
"4,805,800",20 Nov 2018,8 MARTIN PLACE #02-01,River Valley
"925,000",21 Nov 2018,23 COMPASSVALE ROAD #13-23,Sengkang
"1,060,000",21 Nov 2018,13 LEEDON HEIGHTS #09-50,Bukit Timah
"938,000",21 Nov 2018,58 SENGKANG SQUARE #14-17,Sengkang
"1,240,000",21 Nov 2018,11 LEEDON HEIGHTS #24-39,Bukit Timah
"1,630,000",21 Nov 2018,50 HUME AVENUE #09-07,Bukit Batok
"895,000",21 Nov 2018,87 FLORA DRIVE #08-59,Pasir Ris
"1,515,000",21 Nov 2018,16 STIRLING ROAD #25-15,Queenstown
"2,100,000",21 Nov 2018,88 ELIAS ROAD #05-24,Pasir Ris
"1,700,000",21 Nov 2018,770 BEDOK RESERVOIR ROAD #11-06,Bedok
"2,530,000",21 Nov 2018,63 MOUNT SINAI DRIVE #12-05,Bukit Timah
"1,450,888",21 Nov 2018,107 PASIR RIS GROVE #11-18,Pasir Ris
"822,800",21 Nov 2018,1 BISHAN STREET 15 #10-03,Bishan
"830,000",21 Nov 2018,67 FLORA DRIVE #08-48,Pasir Ris
"1,245,000",21 Nov 2018,34 LORONG MYDIN #03-03,Bedok
"1,219,000",21 Nov 2018,62 POTONG PASIR AVENUE 1 #13-10,Toa Payoh
"1,025,000",22 Nov 2018,28 BUKIT BATOK EAST AVENUE 2 #23-19,Bukit Batok
"3,488,000",22 Nov 2018,15 EVELYN ROAD #17-01,Novena
"1,100,000",22 Nov 2018,12 HOUGANG STREET 11 #05-53,Hougang
"2,180,000",22 Nov 2018,7 KOVAN ROAD #13-25,Hougang
"950,000",22 Nov 2018,65 CHESTNUT AVENUE #09-21,Bukit Panjang
"2,150,000",22 Nov 2018,7 LEEDON HEIGHTS #22-18,Bukit Timah
"1,380,000",22 Nov 2018,1801 ANG MO KIO AVENUE 1 #03-02,Serangoon
"1,180,000",22 Nov 2018,46B TOH TUCK ROAD #01-08,Bukit Timah
"2,198,400",22 Nov 2018,10 MARTIN PLACE #28-10,River Valley
"1,800,000",22 Nov 2018,137 SUNSET WAY #01-19,Clementi
"6,250,000",22 Nov 2018,93 GRANGE ROAD #07-05,Tanglin
"2,200,000",22 Nov 2018,82 JALAN DAUD #09-03,Bedok
"938,000",22 Nov 2018,52 BUKIT BATOK EAST AVENUE 5 #19-03,Bukit Batok
"1,575,000",22 Nov 2018,5 SIGLAP ROAD #06-36,Bedok
"1,220,000",22 Nov 2018,52 HUME AVENUE #03-07,Bukit Batok
"888,000",22 Nov 2018,30 BAYSHORE ROAD #09-01,Bedok
"700,888",22 Nov 2018,22 BUKIT BATOK STREET 52 #05-05,Bukit Batok
"1,875,000",22 Nov 2018,331 EAST COAST ROAD #01-06,Bedok
"918,590",22 Nov 2018,10 FERNVALE STREET #14-05,Sengkang
"2,120,000",23 Nov 2018,15 MOUNT EMILY ROAD #06-34,Rochor
"1,222,394",23 Nov 2018,6 KANDIS LINK #01-07,Sembawang
"940,000",23 Nov 2018,257 ARCADIA ROAD #04-05,Bukit Timah
"1,350,000",23 Nov 2018,83 DEVONSHIRE ROAD #11-02,River Valley
"2,950,000",23 Nov 2018,477 RIVER VALLEY ROAD #18-02,Tanglin
"1,660,000",23 Nov 2018,215 BEDOK SOUTH AVENUE 1 #04-24,Bedok
"1,798,000",23 Nov 2018,33 MANDALAY ROAD #14-02,Novena
"1,400,000",23 Nov 2018,133 POH HUAT ROAD WEST #01-03,Hougang
"1,135,000",23 Nov 2018,12A CANBERRA DRIVE #14-25,Yishun
"1,250,000",23 Nov 2018,37 JURONG EAST AVENUE 1 #05-04,Jurong East
"1,450,000",23 Nov 2018,62 CHESTNUT AVENUE #23-09,Bukit Panjang
"1,100,000",23 Nov 2018,319 CHOA CHU KANG AVENUE 3 #12-17,Choa Chu Kang
"1,590,000",23 Nov 2018,161 POH HUAT ROAD WEST #04-01,Hougang
"1,138,000",23 Nov 2018,10 WOODGROVE DRIVE #01-39,Woodlands
"1,340,000",23 Nov 2018,2 INDUS ROAD #14-09,Bukit Merah
"1,448,000",23 Nov 2018,115 PASIR RIS GROVE #03-43,Pasir Ris
"800,000",23 Nov 2018,121 PASIR RIS GROVE #02-66,Pasir Ris
"1,400,000",23 Nov 2018,150 PRINCE CHARLES CRESCENT #02-01,Bukit Merah
"4,000,000",23 Nov 2018,11E MOUNT SINAI LANE #01-21,Bukit Timah
"2,380,000",23 Nov 2018,91 HILLVIEW AVENUE #10-20,Bukit Batok
"5,680,000",23 Nov 2018,8 LEEDON HEIGHTS #11-09,Bukit Timah
"2,300,000",23 Nov 2018,20 WILBY ROAD #07-07,Bukit Timah
"880,000",23 Nov 2018,25 FLORA ROAD #05-03,Pasir Ris
"1,298,000",23 Nov 2018,8 PASIR RIS LINK #12-29,Pasir Ris
"1,680,000",23 Nov 2018,156 PRINCE CHARLES CRESCENT #11-16,Bukit Merah
"839,888",23 Nov 2018,26 UPPER SERANGOON VIEW #03-31,Hougang
"973,000",24 Nov 2018,60 POTONG PASIR AVENUE 1 #19-07,Toa Payoh
"1,215,000",24 Nov 2018,113 TAMPINES STREET 86 #14-38,Tampines
"940,000",24 Nov 2018,4 SHUNFU ROAD #16-13,Bishan
"2,008,167",24 Nov 2018,8 RIFLE RANGE ROAD #01-05,Bukit Timah
"1,732,800",24 Nov 2018,55 TAMPINES STREET 86 #05-24,Tampines
"1,528,000",24 Nov 2018,5 MOUNT FABER ROAD #09-10,Bukit Merah
"1,582,000",26 Nov 2018,72 POTONG PASIR AVENUE 1 #04-46,Toa Payoh
"2,360,000",26 Nov 2018,8 MINBU ROAD #30-02,Novena
"1,090,000",26 Nov 2018,19 SELETAR ROAD #04-37,Serangoon
"866,000",26 Nov 2018,8 WOODLEIGH LANE #12-33,Toa Payoh
"2,450,000",26 Nov 2018,261 RIVER VALLEY ROAD #01-28,River Valley
"1,880,000",26 Nov 2018,61 PASIR RIS GROVE #15-01,Pasir Ris
"951,000",26 Nov 2018,21 PASIR RIS GROVE #12-36,Pasir Ris
"1,450,000",26 Nov 2018,368 THOMSON ROAD #17-02,Novena
"1,420,000",26 Nov 2018,30 JALAN DAUD #04-04,Bedok
"820,000",26 Nov 2018,93 JALAN SENDUDOK #04-16,Sembawang
"1,200,000",26 Nov 2018,6 DOVER RISE #09-08,Queenstown
"2,420,000",26 Nov 2018,478 SIGLAP ROAD #02-59,Bedok
"1,610,000",26 Nov 2018,39 HINDHEDE WALK #04-04,Bukit Panjang
"816,000",26 Nov 2018,8 WOODLEIGH LANE #05-33,Toa Payoh
"1,559,000",26 Nov 2018,12 WOODLEIGH LANE #02-51,Toa Payoh
"1,040,000",26 Nov 2018,7 PASIR RIS LINK #07-19,Pasir Ris
"930,000",26 Nov 2018,16 CANBERRA DRIVE #10-33,Yishun
"1,108,888",26 Nov 2018,73 PASIR RIS GROVE #11-27,Pasir Ris
"1,504,000",26 Nov 2018,10 RIFLE RANGE ROAD #04-16,Bukit Timah
"1,520,000",26 Nov 2018,27 HAZEL PARK TERRACE #14-03,Bukit Panjang
"3,390,000",26 Nov 2018,26 CUSCADEN ROAD #12-05,Orchard
"1,213,900",26 Nov 2018,2 KANDIS LINK #01-01,Sembawang
"1,178,000",26 Nov 2018,5 BEDOK RESERVOIR VIEW #01-03,Bedok
"1,240,000",26 Nov 2018,32 FERNVALE LINK #19-12,Sengkang
"1,300,000",26 Nov 2018,73 HUME AVENUE #02-02,Bukit Batok
"1,070,000",26 Nov 2018,79 POH HUAT ROAD #03-23,Hougang
"4,480,000",27 Nov 2018,15 EVELYN ROAD #31-03,Novena
"980,000",27 Nov 2018,49 SIMEI RISE #04-40,Tampines
"1,041,000",27 Nov 2018,62 POTONG PASIR AVENUE 1 #19-13,Toa Payoh
"1,428,000",27 Nov 2018,26 JALAN DATOH #10-05,Novena
"1,350,000",27 Nov 2018,244 LORONG CHUAN #16-02,Serangoon
"1,080,000",27 Nov 2018,11 LEEDON HEIGHTS #08-30,Bukit Timah
"905,000",27 Nov 2018,31 PHENG GECK AVENUE #12-04,Toa Payoh
"1,780,000",27 Nov 2018,3 JERVOIS CLOSE #08-08,Tanglin
"1,659,000",27 Nov 2018,760 BEDOK RESERVOIR ROAD #01-07,Bedok
"1,830,000",27 Nov 2018,3 LENGKONG EMPAT #12-08,Bedok
"1,620,000",27 Nov 2018,700 LORONG 1 TOA PAYOH #07-06,Toa Payoh
"1,180,000",27 Nov 2018,17 FLORA ROAD #03-03,Pasir Ris
"1,550,000",27 Nov 2018,2D HONG SAN WALK #17-03,Choa Chu Kang
"965,000",27 Nov 2018,27 WEST COAST CRESCENT #18-20,Clementi
"1,020,000",27 Nov 2018,41 SIMEI RISE #08-23,Tampines
"2,450,000",27 Nov 2018,10 ST. THOMAS WALK #03-08,River Valley
"918,000",27 Nov 2018,52 BAYSHORE ROAD #02-05,Bedok
"3,700,000",27 Nov 2018,11 BALMORAL PARK #04-05,Tanglin
"1,570,000",27 Nov 2018,136A HILLVIEW AVENUE #09-05,Bukit Batok
"13,186,922",27 Nov 2018,1 BISHOPSGATE #05-03,Tanglin
"2,746,000",27 Nov 2018,10 ST. THOMAS WALK #32-08,River Valley
"1,620,000",27 Nov 2018,4 KOVAN RISE #13-09,Hougang
"1,171,300",28 Nov 2018,2L JALAN REMAJA #09-09,Bukit Batok
"1,080,000",28 Nov 2018,160 MARIAM WAY #03-04,Pasir Ris
"2,550,000",28 Nov 2018,19 KEPPEL BAY VIEW #07-66,Bukit Merah
"900,000",28 Nov 2018,162 MARIAM WAY #04-02,Pasir Ris
"530,000",28 Nov 2018,93 ROSEWOOD DRIVE #04-108,Woodlands
"1,250,000",28 Nov 2018,93 YISHUN AVENUE 1 #13-21,Yishun
"1,260,000",28 Nov 2018,68 SENGKANG SQUARE #12-39,Sengkang
"1,545,000",28 Nov 2018,10 STIRLING ROAD #29-07,Queenstown
"890,000",28 Nov 2018,50 BAYSHORE ROAD #05-07,Bedok
"810,000",28 Nov 2018,173 UPPER EAST COAST ROAD #04-14,Bedok
"892,000",28 Nov 2018,12 KITCHENER LINK #03-21,Kallang
"783,000",28 Nov 2018,56 WEST COAST CRESCENT #05-10,Clementi
"1,570,000",28 Nov 2018,53 GRANGE ROAD #09-06,Tanglin
"868,000",28 Nov 2018,93 JALAN SENDUDOK #05-06,Sembawang
"8,200,000",29 Nov 2018,1 BISHOPSGATE #02-02,Tanglin
"1,398,000",29 Nov 2018,61 HUME AVENUE #07-04,Bukit Batok
"985,000",29 Nov 2018,706 UPPER CHANGI ROAD EAST #04-01,Tampines
"2,750,000",29 Nov 2018,16B SHELFORD ROAD #01-14,Bukit Timah
"1,163,500",29 Nov 2018,8 SHUNFU ROAD #22-27,Bishan
"2,100,000",29 Nov 2018,923 BUKIT TIMAH ROAD #09-08,Bukit Timah
"870,000",29 Nov 2018,548 MILTONIA CLOSE #01-66,Yishun
"900,000",29 Nov 2018,53 LENGKONG EMPAT #05-02,Bedok
"1,125,000",29 Nov 2018,31 MANGIS ROAD #03-05,Geylang
"1,180,000",29 Nov 2018,26 JALAN LEMPENG #09-13,Clementi
"1,320,000",29 Nov 2018,230 COMMONWEALTH AVENUE #39-07,Queenstown
"1,050,000",29 Nov 2018,29 ELIAS ROAD #05-18,Pasir Ris
"1,610,000",29 Nov 2018,53 JALAN BUNGA RAMPAI #13-06,Toa Payoh
"1,600,000",29 Nov 2018,48 MARINE PARADE ROAD #03-08,Marine Parade
"2,070,000",29 Nov 2018,8 ALEXANDRA VIEW #23-06,Bukit Merah
"1,175,000",29 Nov 2018,52 LAKESIDE DRIVE #11-15,Jurong West
"830,000",29 Nov 2018,4 UPPER SERANGOON CRESCENT #03-08,Hougang
"1,121,000",29 Nov 2018,10 WOODLEIGH LANE #01-45,Toa Payoh
"2,100,000",29 Nov 2018,61 MOUNT SINAI DRIVE #13-03,Bukit Timah
"1,260,000",29 Nov 2018,33 ELIAS ROAD #14-28,Pasir Ris
"3,268,000",29 Nov 2018,9 RHU CROSS #08-14,Kallang
"1,250,000",29 Nov 2018,85 TAMPINES AVENUE 1 #11-28,Tampines
"2,839,000",29 Nov 2018,475 RIVER VALLEY ROAD #15-02,Tanglin
"1,000,000",29 Nov 2018,20 CANBERRA DRIVE #10-02,Yishun
"725,000",29 Nov 2018,10 WHAMPOA EAST #16-32,Kallang
"1,170,000",29 Nov 2018,3 KHIANG GUAN AVENUE #23-07,Novena
"2,313,000",30 Nov 2018,84 JALAN DAUD #05-01,Bedok
"610,400",30 Nov 2018,51 TAMPINES STREET 86 #04-07,Tampines
"1,199,000",30 Nov 2018,2 WOODLEIGH LANE #01-04,Toa Payoh
"1,150,000",30 Nov 2018,82 CORPORATION ROAD #05-05,Jurong West
"1,979,010",30 Nov 2018,1 LORONG 5 TOA PAYOH #15-08,Toa Payoh
"1,620,000",30 Nov 2018,17 SELETAR ROAD #04-20,Serangoon
"660,000",30 Nov 2018,13 PASIR RIS GROVE #10-10,Pasir Ris
"1,225,600",30 Nov 2018,63 TAMPINES STREET 86 #11-57,Tampines
"2,700,000",30 Nov 2018,38 CAIRNHILL ROAD #18-01,Newton
"1,922,800",30 Nov 2018,11A TOH TUCK ROAD #01-06,Bukit Timah
"1,288,000",30 Nov 2018,2 JALAN MERLIMAU #03-02,Novena
"3,450,000",30 Nov 2018,8 ST. MARTIN'S DRIVE #02-18,Tanglin
"5,552,000",30 Nov 2018,8 MARTIN PLACE #21-01,River Valley
"7,006,500",30 Nov 2018,16 LEONIE HILL ROAD #31-01,River Valley
"2,168,888",30 Nov 2018,2 BISHAN STREET 25 #22-02,Bishan
"1,550,000",30 Nov 2018,152 HAIG ROAD #15-05,Marine Parade
"1,780,000",30 Nov 2018,26 JALAN DATOH #06-06,Novena
"1,540,000",30 Nov 2018,68 CHESTNUT AVENUE #17-15,Bukit Panjang
"24,000,000",30 Nov 2018,1 BISHOPSGATE #01-07,Tanglin
"1,670,000",30 Nov 2018,9 ALEXANDRA VIEW #21-11,Bukit Merah
"1,485,000",30 Nov 2018,750 BEDOK RESERVOIR ROAD #04-04,Bedok
"650,000",30 Nov 2018,119 PASIR RIS GROVE #09-59,Pasir Ris
"1,459,200",30 Nov 2018,53 TAMPINES STREET 86 #12-16,Tampines
"1,100,000",30 Nov 2018,19 SELETAR ROAD #01-38,Serangoon
"2,035,000",30 Nov 2018,31 ELIAS ROAD #17-21,Pasir Ris
"837,000",30 Nov 2018,487 YIO CHU KANG ROAD #06-16,Ang Mo Kio
"1,750,000",30 Nov 2018,83 AMBER ROAD #14-10,Marine Parade
"2,680,000",30 Nov 2018,1 ALEXANDRA VIEW #33-05,Bukit Merah
"1,890,000",30 Nov 2018,103 PRINCE CHARLES CRESCENT #18-07,Bukit Merah
"706,840",01 Dec 2018,61 TAMPINES STREET 86 #09-49,Tampines
"1,791,300",01 Dec 2018,8 SHUNFU ROAD #16-28,Bishan
"1,319,200",01 Dec 2018,2L JALAN REMAJA #05-12,Bukit Batok
"1,351,300",02 Dec 2018,2 SHUNFU ROAD #21-03,Bishan
"877,000",02 Dec 2018,10 FERNVALE STREET #06-04,Sengkang
"1,175,600",02 Dec 2018,6 KANDIS LINK #02-07,Sembawang
"1,230,000",03 Dec 2018,190 DEPOT ROAD #11-18,Bukit Merah
"3,616,000",03 Dec 2018,1 JALAN RUMBIA #06-02,Museum
"2,118,000",03 Dec 2018,2 BISHAN STREET 25 #33-01,Bishan
"1,135,000",03 Dec 2018,12 WOODLEIGH LANE #11-52,Toa Payoh
"2,000,000",03 Dec 2018,16 LORONG K TELOK KURAU #04-01,Bedok
"1,704,000",03 Dec 2018,2 WOODLEIGH LANE #07-06,Toa Payoh
"1,228,000",03 Dec 2018,8 WOODLEIGH LANE #02-39,Toa Payoh
"898,000",03 Dec 2018,2D HONG SAN WALK #10-04,Choa Chu Kang
"944,000",03 Dec 2018,70 SENGKANG SQUARE #09-44,Sengkang
"2,211,000",03 Dec 2018,2 WOODLEIGH LANE #13-02,Toa Payoh
"2,403,000",03 Dec 2018,10 MARTIN PLACE #24-11,River Valley
"1,214,000",03 Dec 2018,10 WOODLEIGH LANE #14-45,Toa Payoh
"5,500,000",03 Dec 2018,8 ST. THOMAS WALK #34-03,River Valley
"690,000",03 Dec 2018,20 SIMEI STREET 1 #01-15,Tampines
"1,000,000",03 Dec 2018,8 RIFLE RANGE ROAD #04-08,Bukit Timah
"808,000",03 Dec 2018,7 DAIRY FARM HEIGHTS #02-16,Bukit Panjang
"1,335,000",03 Dec 2018,65 PASIR RIS GROVE #05-12,Pasir Ris
"2,520,000",03 Dec 2018,30 STURDEE ROAD #30-05,Kallang
"1,606,000",03 Dec 2018,4 WOODLEIGH LANE #01-10,Toa Payoh
"1,849,000",03 Dec 2018,2 WOODLEIGH LANE #15-06,Toa Payoh
"743,000",03 Dec 2018,20 CANBERRA DRIVE #07-04,Yishun
"1,488,888",03 Dec 2018,570 MACPHERSON ROAD #06-06,Geylang
"1,436,800",04 Dec 2018,53 TAMPINES STREET 86 #08-16,Tampines
"2,100,000",04 Dec 2018,808 THOMSON ROAD #02-18,Toa Payoh
"1,090,000",04 Dec 2018,30 DOVER RISE #05-01,Queenstown
"912,870",04 Dec 2018,51 TAMPINES STREET 86 #13-11,Tampines
"1,000,000",04 Dec 2018,53 SIMEI RISE #06-45,Tampines
"888,000",04 Dec 2018,454 CORPORATION ROAD #07-05,Jurong West
"800,000",04 Dec 2018,37 ELLIOT ROAD #02-25,Bedok
"970,000",04 Dec 2018,22 SIMEI STREET 1 #03-04,Tampines
"950,000",04 Dec 2018,15 PASIR RIS GROVE #10-13,Pasir Ris
"910,000",04 Dec 2018,1 JALAN KEMBANGAN #15-04,Bedok
"2,390,000",04 Dec 2018,23 LORONG 3 TOA PAYOH #31-08,Toa Payoh
"1,055,000",04 Dec 2018,4 WOODLEIGH LANE #04-09,Toa Payoh
"900,000",04 Dec 2018,12 BEDOK RISE #03-39,Bedok
"1,318,888",05 Dec 2018,17 TAMPINES STREET 86 #13-38,Tampines
"1,530,000",05 Dec 2018,523 BEDOK RESERVOIR ROAD #02-82,Bedok
"668,000",05 Dec 2018,253A PASIR PANJANG ROAD #05-09,Queenstown
"4,700,000",05 Dec 2018,7 THOMSON LANE #39-03,Toa Payoh
"965,000",05 Dec 2018,53 CHOA CHU KANG LOOP #04-28,Choa Chu Kang
"2,028,000",05 Dec 2018,8 RIFLE RANGE ROAD #04-01,Bukit Timah
"3,660,000",05 Dec 2018,57B DEVONSHIRE ROAD #31-06,River Valley
"950,000",05 Dec 2018,7 SIN MING WALK #08-15,Bishan
"849,000",05 Dec 2018,13 FLORA DRIVE #01-13,Pasir Ris
"1,740,000",05 Dec 2018,59 ANG MO KIO AVENUE 8 #31-08,Ang Mo Kio
"1,490,000",05 Dec 2018,1 FORT ROAD #06-04,Kallang
"1,800,000",05 Dec 2018,25 HAZEL PARK TERRACE #06-01,Bukit Panjang
"1,490,000",05 Dec 2018,459 UPPER EAST COAST ROAD #03-06,Bedok
"994,000",05 Dec 2018,28 BUKIT BATOK EAST AVENUE 2 #14-14,Bukit Batok
"2,780,000",05 Dec 2018,22 NASSIM HILL #04-02,Tanglin
"1,103,000",06 Dec 2018,10 WOODLEIGH LANE #04-45,Toa Payoh
"2,000,000",06 Dec 2018,8 ALEXANDRA VIEW #30-09,Bukit Merah
"1,550,000",06 Dec 2018,216 DEPOT ROAD #18-72,Bukit Merah
"3,299,700",06 Dec 2018,12 SHUNFU ROAD #17-46,Bishan
"1,180,000",06 Dec 2018,84 CORPORATION ROAD #12-08,Jurong West
"1,280,000",06 Dec 2018,103 PRINCE CHARLES CRESCENT #05-08,Bukit Merah
"1,850,000",06 Dec 2018,134 TANJONG RHU ROAD #01-01,Kallang
"1,528,000",06 Dec 2018,10 ST. THOMAS WALK #03-05,River Valley
"1,528,888",06 Dec 2018,33 MANDALAY ROAD #09-01,Novena
"1,925,000",06 Dec 2018,10 KITCHENER LINK #10-20,Kallang
"1,428,000",06 Dec 2018,781 UPPER CHANGI ROAD EAST #01-33,Tampines
"2,620,000",06 Dec 2018,368 THOMSON ROAD #09-05,Novena
"1,295,000",06 Dec 2018,8 MINBU ROAD #20-03,Novena
"2,850,000",06 Dec 2018,966 DUNEARN ROAD #03-12,Bukit Timah
"918,000",06 Dec 2018,41A BEDOK RIA CRESCENT #02-28,Bedok
"4,188,000",06 Dec 2018,10 ST. THOMAS WALK #27-07,River Valley
"3,339,630",06 Dec 2018,33 KEPPEL BAY VIEW #37-96,Bukit Merah
"837,000",06 Dec 2018,8 WOODLEIGH LANE #11-30,Toa Payoh
"1,232,000",06 Dec 2018,8 WOODLEIGH LANE #01-39,Toa Payoh
"835,000",07 Dec 2018,103 PASIR RIS GROVE #12-08,Pasir Ris
"1,210,000",07 Dec 2018,319 CHOA CHU KANG AVENUE 3 #18-17,Choa Chu Kang
"685,000",07 Dec 2018,89 COMPASSVALE BOW #07-35,Sengkang
"950,000",07 Dec 2018,7 PASIR RIS LINK #07-16,Pasir Ris
"1,210,000",07 Dec 2018,3 GEYLANG EAST AVENUE 1 #02-10,Geylang
"1,820,000",07 Dec 2018,9 BISHAN STREET 15 #24-15,Bishan
"1,705,000",07 Dec 2018,10 WOODLEIGH LANE #14-42,Toa Payoh
"1,320,000",07 Dec 2018,6A HOUGANG STREET 11 #03-13,Hougang
"1,160,000",07 Dec 2018,88 JELLICOE ROAD #29-26,Kallang
"851,310",07 Dec 2018,63 TAMPINES STREET 86 #04-51,Tampines
"805,000",07 Dec 2018,28 BUKIT BATOK EAST AVENUE 2 #03-16,Bukit Batok
"1,411,200",07 Dec 2018,63 TAMPINES STREET 86 #06-52,Tampines
"822,000",07 Dec 2018,7 PUNGGOL FIELD WALK #13-17,Punggol
"828,800",07 Dec 2018,5 JALAN MATA AYER #02-22,Mandai
"1,060,000",07 Dec 2018,55 WEST COAST ROAD #02-02,Clementi
"840,000",07 Dec 2018,12 CANBERRA DRIVE #08-23,Yishun
"1,658,000",07 Dec 2018,121 TANJONG RHU ROAD #07-18,Kallang
"3,388,000",07 Dec 2018,57B DEVONSHIRE ROAD #12-06,River Valley
"2,192,000",07 Dec 2018,5 BEDOK SOUTH AVENUE 3 #13-25,Bedok
"2,700,000",07 Dec 2018,15B BALMORAL ROAD #09-10,Tanglin
"879,660",07 Dec 2018,63 TAMPINES STREET 86 #11-58,Tampines
"1,155,000",07 Dec 2018,12 UPPER SERANGOON CRESCENT #13-32,Hougang
"1,978,000",07 Dec 2018,68 MEI HWAN DRIVE #03-16,Serangoon
"1,600,000",07 Dec 2018,19 PASIR RIS GROVE #11-28,Pasir Ris
"1,535,000",07 Dec 2018,61 BRIGHT HILL DRIVE #18-01,Bishan
"837,000",08 Dec 2018,8 WOODLEIGH LANE #11-29,Toa Payoh
"1,168,700",08 Dec 2018,8 SHUNFU ROAD #23-27,Bishan
"1,210,400",08 Dec 2018,57 TAMPINES STREET 86 #01-26,Tampines
"1,450,400",08 Dec 2018,63 TAMPINES STREET 86 #13-52,Tampines
"1,125,000",08 Dec 2018,12 WOODLEIGH LANE #04-53,Toa Payoh
"1,680,000",08 Dec 2018,6 WOODLEIGH LANE #15-23,Toa Payoh
"1,400,000",09 Dec 2018,2K JALAN REMAJA #09-01,Bukit Batok
"992,000",09 Dec 2018,12 RIFLE RANGE ROAD #03-23,Bukit Timah
"1,076,800",10 Dec 2018,6 SHUNFU ROAD #02-19,Bishan
"938,000",10 Dec 2018,113 PASIR RIS GROVE #10-40,Pasir Ris
"1,360,000",10 Dec 2018,88 PUNGGOL CENTRAL #14-17,Punggol
"690,000",10 Dec 2018,24 BUKIT BATOK STREET 52 #06-05,Bukit Batok
"1,610,000",10 Dec 2018,46 MARINE PARADE ROAD #10-06,Marine Parade
"1,400,000",10 Dec 2018,12 BEDOK RESERVOIR VIEW #14-34,Bedok
"1,050,000",10 Dec 2018,41 HINDHEDE WALK #08-07,Bukit Panjang
"1,295,000",10 Dec 2018,23 WEST COAST CRESCENT #19-07,Clementi
"1,375,000",10 Dec 2018,84 DAKOTA CRESCENT #09-32,Geylang
"1,125,000",10 Dec 2018,244 LORONG CHUAN #20-06,Serangoon
"2,100,000",10 Dec 2018,8 ALEXANDRA VIEW #34-09,Bukit Merah
"1,208,000",10 Dec 2018,102 WISHART ROAD #05-10,Bukit Merah
"1,650,000",10 Dec 2018,62 HAVELOCK ROAD #05-02,Singapore River
"1,070,000",10 Dec 2018,92 HILLVIEW AVENUE #05-04,Bukit Batok
"1,190,000",10 Dec 2018,31 UPPER SERANGOON VIEW #15-22,Hougang
"1,375,000",11 Dec 2018,1 SIN MING WALK #08-33,Bishan
"2,138,888",11 Dec 2018,16B SHELFORD ROAD #03-16,Bukit Timah
"683,880",11 Dec 2018,61 TAMPINES STREET 86 #02-49,Tampines
"2,600,000",11 Dec 2018,3 LEEDON HEIGHTS #06-04,Bukit Timah
"2,475,000",11 Dec 2018,610 TELOK BLANGAH ROAD #20-07,Bukit Merah
"4,050,000",11 Dec 2018,38B JALAN MAT JAMBOL #02-15,Queenstown
"796,000",11 Dec 2018,64 POTONG PASIR AVENUE 1 #08-20,Toa Payoh
"921,600",11 Dec 2018,53 TAMPINES STREET 86 #04-17,Tampines
"900,000",11 Dec 2018,50 FLORA DRIVE #07-02,Pasir Ris
"1,240,000",11 Dec 2018,468 SIGLAP ROAD #02-27,Bedok
"1,680,000",11 Dec 2018,200 PASIR PANJANG ROAD #03-15,Queenstown
"848,000",12 Dec 2018,53 TAMPINES STREET 86 #06-21,Tampines
"4,238,000",12 Dec 2018,10 ST. THOMAS WALK #30-07,River Valley
"1,218,400",12 Dec 2018,57 TAMPINES STREET 86 #07-26,Tampines
"3,400,000",12 Dec 2018,97 FARRER DRIVE #01-05,Tanglin
"2,600,000",12 Dec 2018,10 ST. THOMAS WALK #18-08,River Valley
"2,100,000",12 Dec 2018,221 QUEENSWAY #08-03,Bukit Timah
"3,300,000",12 Dec 2018,11D MOUNT SINAI LANE #01-15,Bukit Timah
"2,850,000",12 Dec 2018,63 HOLLAND ROAD #05-11,Tanglin
"1,780,000",12 Dec 2018,82 WEST COAST ROAD #04-28,Clementi
"1,850,000",12 Dec 2018,3 JALAN MEMBINA #03-03,Bukit Merah
"2,520,000",12 Dec 2018,3 ALEXANDRA VIEW #31-08,Bukit Merah
"1,380,000",12 Dec 2018,60 LAKESIDE DRIVE #06-40,Jurong West
"1,185,000",12 Dec 2018,233 PAYA LEBAR ROAD #18-12,Geylang
"2,318,000",12 Dec 2018,51 MEYER ROAD #03-04,Marine Parade
"4,880,000",12 Dec 2018,3 ROBIN DRIVE #05-07,Tanglin
"1,121,000",12 Dec 2018,12 WOODLEIGH LANE #03-53,Toa Payoh
"2,000,000",12 Dec 2018,41 HINDHEDE WALK #09-06,Bukit Panjang
"870,000",13 Dec 2018,32 CANBERRA DRIVE #12-28,Yishun
"1,876,000",13 Dec 2018,2 WOODLEIGH LANE #02-03,Toa Payoh
"4,165,000",13 Dec 2018,10 ST. THOMAS WALK #21-07,River Valley
"1,170,400",13 Dec 2018,53 TAMPINES STREET 86 #04-20,Tampines
"3,741,000",13 Dec 2018,3 ORCHARD BOULEVARD #05-04,Orchard
"1,363,000",13 Dec 2018,8 WOODLEIGH LANE #14-39,Toa Payoh
"1,290,000",13 Dec 2018,42 LAKESIDE DRIVE #13-03,Jurong West
"1,351,000",13 Dec 2018,6 WOODLEIGH LANE #08-20,Toa Payoh
"1,094,000",13 Dec 2018,66 POTONG PASIR AVENUE 1 #08-29,Toa Payoh
"903,000",13 Dec 2018,22 JALAN LEMPENG #06-04,Clementi
"1,600,000",13 Dec 2018,1 JALAN KEMBANGAN #11-12,Bedok
"2,445,000",13 Dec 2018,12 WOODLEIGH LANE #12-55,Toa Payoh
"1,410,000",13 Dec 2018,44 KEPPEL BAY DRIVE #03-124,Bukit Merah
"1,604,000",13 Dec 2018,4 WOODLEIGH LANE #06-10,Toa Payoh
"975,000",13 Dec 2018,383 TANGLIN ROAD #02-08,Bukit Merah
"1,575,000",13 Dec 2018,12 WOODLEIGH LANE #02-54,Toa Payoh
"908,300",13 Dec 2018,8 KANDIS LINK #03-11,Sembawang
"1,230,000",13 Dec 2018,962 DUNEARN ROAD #03-30,Bukit Timah
"1,380,000",13 Dec 2018,5 TANAH MERAH KECHIL ROAD #18-06,Bedok
"1,280,000",13 Dec 2018,29 ELIAS ROAD #15-17,Pasir Ris
"1,098,000",13 Dec 2018,10 WOODLEIGH LANE #03-45,Toa Payoh
"688,000",13 Dec 2018,253B PASIR PANJANG ROAD #01-13,Queenstown
"1,525,000",13 Dec 2018,2 WOODLEIGH CLOSE #07-08,Toa Payoh
"845,000",13 Dec 2018,22 JALAN LEMPENG #07-01,Clementi
"1,670,000",13 Dec 2018,2 BISHAN STREET 25 #34-04,Bishan
"960,000",14 Dec 2018,5 PUNGGOL FIELD WALK #04-11,Punggol
"1,180,000",14 Dec 2018,18 UPPER SERANGOON CRESCENT #16-46,Hougang
"1,292,000",14 Dec 2018,2 WHAMPOA EAST #26-02,Kallang
"8,112,940",14 Dec 2018,16 LEONIE HILL ROAD #18-02,River Valley
"6,941,700",14 Dec 2018,16 LEONIE HILL ROAD #29-01,River Valley
"1,220,000",14 Dec 2018,2 GATEWAY DRIVE #18-14,Jurong East
"1,166,000",14 Dec 2018,59 ANG MO KIO AVENUE 8 #11-12,Ang Mo Kio
"560,000",14 Dec 2018,38 FLORA DRIVE #03-53,Pasir Ris
"6,656,000",14 Dec 2018,16 LEONIE HILL ROAD #25-01,River Valley
"930,000",14 Dec 2018,499 YIO CHU KANG ROAD #05-02,Ang Mo Kio
"1,620,000",14 Dec 2018,95 JALAN SENDUDOK #05-45,Sembawang
"2,570,000",14 Dec 2018,202 KIM SENG ROAD #35-06,Singapore River
"1,300,000",14 Dec 2018,319 CHOA CHU KANG AVENUE 3 #15-19,Choa Chu Kang
"1,260,000",14 Dec 2018,16 FLORA DRIVE #03-27,Pasir Ris
"1,200,000",14 Dec 2018,2 HOUGANG STREET 32 #03-05,Hougang
"2,340,900",14 Dec 2018,55 TAMPINES STREET 86 #15-23,Tampines
"700,000",14 Dec 2018,26 SIMEI STREET 1 #04-03,Tampines
"1,940,000",14 Dec 2018,2 WOODLEIGH LANE #14-03,Toa Payoh
"4,085,600",14 Dec 2018,16 LEONIE HILL ROAD #06-02,River Valley
"2,250,000",14 Dec 2018,4 ANGKLONG LANE #02-03,Bishan
"1,920,000",14 Dec 2018,772 BEDOK RESERVOIR ROAD #13-08,Bedok
"1,250,000",14 Dec 2018,136B HILLVIEW AVENUE #02-01,Bukit Batok
"825,000",14 Dec 2018,487 YIO CHU KANG ROAD #04-08,Ang Mo Kio
"1,290,000",14 Dec 2018,8 SHUNFU ROAD #08-30,Bishan
"973,000",14 Dec 2018,781 UPPER CHANGI ROAD EAST #05-22,Tampines
"1,400,000",14 Dec 2018,632 UPPER THOMSON ROAD #09-81,Ang Mo Kio
"1,180,000",14 Dec 2018,20 SIN MING WALK #05-07,Bishan
"816,000",14 Dec 2018,10 HOUGANG STREET 32 #03-19,Hougang
"4,400,000",14 Dec 2018,33 LLOYD ROAD #02-06,River Valley
"750,000",14 Dec 2018,57 FLORA DRIVE #07-21,Pasir Ris
"925,000",14 Dec 2018,26 JALAN LEMPENG #09-17,Clementi
"1,250,000",14 Dec 2018,11 SIN MING WALK #04-01,Bishan
"1,175,000",14 Dec 2018,32 TANAH MERAH KECHIL ROAD #07-15,Bedok
"752,000",15 Dec 2018,60 POTONG PASIR AVENUE 1 #10-04,Toa Payoh
"1,260,506",15 Dec 2018,59 TAMPINES STREET 86 #07-35,Tampines
"846,000",15 Dec 2018,6 WOODLEIGH LANE #10-24,Toa Payoh
"1,224,000",15 Dec 2018,57 TAMPINES STREET 86 #08-26,Tampines
"2,980,000",15 Dec 2018,12 WOODLEIGH LANE #13-50,Toa Payoh
"819,000",15 Dec 2018,66 POTONG PASIR AVENUE 1 #15-28,Toa Payoh
"3,246,000",16 Dec 2018,8 MARTIN PLACE #29-07,River Valley
"679,645",16 Dec 2018,61 TAMPINES STREET 86 #10-43,Tampines
"1,308,300",17 Dec 2018,18 FERNVALE STREET #07-32,Sengkang
"1,547,000",17 Dec 2018,10 WOODLEIGH LANE #01-42,Toa Payoh
"2,307,200",17 Dec 2018,28 KIM TIAN ROAD #20-05,Bukit Merah
"1,180,000",17 Dec 2018,468 SIGLAP ROAD #01-23,Bedok
"1,918,000",17 Dec 2018,48 SPOTTISWOODE PARK ROAD #26-06,Bukit Merah
"2,250,000",17 Dec 2018,1 SWISS VIEW #01-02,Bukit Timah
"775,000",17 Dec 2018,106 GERALD DRIVE #03-17,Hougang
"2,080,000",17 Dec 2018,19 SHELFORD ROAD #10-04,Bukit Timah
"2,580,000",17 Dec 2018,1 RHU CROSS #16-14,Kallang
"1,668,000",17 Dec 2018,299 BEDOK SOUTH AVENUE 3 #04-09,Bedok
"2,988,800",17 Dec 2018,1 KEPPEL BAY VIEW #02-05,Bukit Merah
"2,550,000",17 Dec 2018,21 HOLLAND HILL #05-03,Bukit Timah
"2,400,000",17 Dec 2018,15 BALMORAL ROAD #04-02,Tanglin
"3,400,000",17 Dec 2018,151 STEVENS ROAD #04-01,Tanglin
"10,300,000",17 Dec 2018,1 LADY HILL ROAD #01-09,Tanglin
"1,630,000",17 Dec 2018,12 CACTUS DRIVE #04-04,Ang Mo Kio
"665,000",17 Dec 2018,83 COMPASSVALE BOW #06-13,Sengkang
"4,033,800",17 Dec 2018,18 LEONIE HILL ROAD #13-05,River Valley
"1,350,000",17 Dec 2018,31 JURONG WEST STREET 41 #09-28,Jurong West
"1,270,000",17 Dec 2018,61 PASIR RIS GROVE #03-02,Pasir Ris
"1,122,000",17 Dec 2018,16 RIFLE RANGE ROAD #04-32,Bukit Timah
"2,830,000",17 Dec 2018,101 PRINCE CHARLES CRESCENT #02-03,Bukit Merah
"1,095,000",18 Dec 2018,156 MARIAM WAY #08-02,Pasir Ris
"2,110,000",18 Dec 2018,6 TANJONG RHU ROAD #05-07,Kallang
"11,430,000",18 Dec 2018,31 TOMLINSON ROAD #22-01,River Valley
"1,302,000",18 Dec 2018,10 KANDIS LINK #02-18,Sembawang
"2,068,000",18 Dec 2018,2 HOUGANG STREET 32 #17-07,Hougang
"11,100,000",18 Dec 2018,21 ANGULLIA PARK #18-02,River Valley
"2,039,000",18 Dec 2018,8 RIFLE RANGE ROAD #03-01,Bukit Timah
"1,313,000",18 Dec 2018,41 HINDHEDE WALK #06-04,Bukit Panjang
"1,260,000",18 Dec 2018,62 CHESTNUT AVENUE #10-08,Bukit Panjang
"1,380,000",18 Dec 2018,381 TANGLIN ROAD #11-03,Bukit Merah
"1,500,000",18 Dec 2018,21 HAZEL PARK TERRACE #04-04,Bukit Panjang
"1,050,000",18 Dec 2018,66 JALAN MATA AYER #03-16,Mandai
"958,000",18 Dec 2018,23 FLORA ROAD #06-13,Pasir Ris
"2,600,000",18 Dec 2018,61 MOUNT SINAI DRIVE #11-05,Bukit Timah
"944,460",18 Dec 2018,63 TAMPINES STREET 86 #15-51,Tampines
"1,550,000",18 Dec 2018,122 JURONG EAST STREET 13 #12-41,Jurong East
"1,650,000",18 Dec 2018,2 LEEDON ROAD #03-05,Bukit Timah
"1,850,000",18 Dec 2018,261 RIVER VALLEY ROAD #05-10,River Valley
"5,530,000",18 Dec 2018,276 OCEAN DRIVE #01-34,Southern Islands
"1,190,000",18 Dec 2018,48 TOH TUCK ROAD #02-01,Bukit Timah
"2,350,000",18 Dec 2018,150 PRINCE CHARLES CRESCENT #19-05,Bukit Merah
"11,000,000",18 Dec 2018,21 ANGULLIA PARK #16-01,River Valley
"1,310,000",18 Dec 2018,230 COMMONWEALTH AVENUE #14-07,Queenstown
"955,000",19 Dec 2018,7 SIN MING WALK #06-14,Bishan
"1,600,000",19 Dec 2018,80 BAYSHORE ROAD #18-28,Bedok
"1,570,000",19 Dec 2018,31 COMPASSVALE ROAD #15-41,Sengkang
"1,850,000",19 Dec 2018,263 RIVER VALLEY ROAD #03-28,River Valley
"1,212,800",19 Dec 2018,57 TAMPINES STREET 86 #06-26,Tampines
"3,050,000",19 Dec 2018,57 MEYER ROAD #11-09,Marine Parade
"2,860,000",19 Dec 2018,10 ST. THOMAS WALK #29-08,River Valley
"1,988,000",19 Dec 2018,139 KEW CRESCENT,Bedok
"1,230,000",19 Dec 2018,56 SENGKANG SQUARE #05-16,Sengkang
"1,186,000",19 Dec 2018,113 TAMPINES STREET 86 #09-38,Tampines
"1,340,000",19 Dec 2018,12 WOODLEIGH CLOSE #04-14,Toa Payoh
"760,000",19 Dec 2018,83 YISHUN STREET 81 #04-02,Yishun
"1,288,000",19 Dec 2018,11 WEST COAST WALK #03-21,Clementi
"1,000,000",19 Dec 2018,3 PUNGGOL FIELD WALK #16-05,Punggol
"850,000",19 Dec 2018,92 PUNGGOL CENTRAL #09-30,Punggol
"6,000,000",19 Dec 2018,327 RIVER VALLEY ROAD #02-01,River Valley
"2,400,000",19 Dec 2018,11 SOPHIA ROAD #02-26,Rochor
"1,600,000",19 Dec 2018,989 BUKIT TIMAH ROAD #07-15,Bukit Timah
"1,334,000",20 Dec 2018,8 WOODLEIGH LANE #08-38,Toa Payoh
"3,250,000",20 Dec 2018,11 JERVOIS CLOSE #02-23,Tanglin
"1,090,000",20 Dec 2018,2 PASIR RIS LINK #07-08,Pasir Ris
"840,000",20 Dec 2018,81 YISHUN STREET 81 #10-04,Yishun
"1,495,000",20 Dec 2018,16 STIRLING ROAD #17-16,Queenstown
"2,228,000",20 Dec 2018,60 BAYSHORE ROAD #29-04,Bedok
"2,930,000",20 Dec 2018,1 JALAN RUMBIA #11-01,Museum
"760,000",20 Dec 2018,32 FLORA DRIVE #07-14,Pasir Ris
"5,341,000",20 Dec 2018,8 ST. THOMAS WALK #28-03,River Valley
"1,164,000",20 Dec 2018,62 POTONG PASIR AVENUE 1 #16-09,Toa Payoh
"938,000",20 Dec 2018,68 EDGEDALE PLAINS #14-35,Punggol
"1,585,000",20 Dec 2018,12 WOODLEIGH LANE #04-54,Toa Payoh
"1,830,000",20 Dec 2018,2 LEEDON ROAD #05-04,Bukit Timah
"1,680,000",20 Dec 2018,610 TELOK BLANGAH ROAD #04-06,Bukit Merah
"5,350,000",20 Dec 2018,1 ARDMORE PARK #28-01,Newton
"4,956,000",20 Dec 2018,101 CAIRNHILL CIRCLE #13-03,Newton
"1,440,000",20 Dec 2018,90 CORPORATION ROAD #15-22,Jurong West
"1,688,000",20 Dec 2018,612 TELOK BLANGAH ROAD #20-13,Bukit Merah
"2,820,000",20 Dec 2018,2 SINARAN DRIVE #27-03,Novena
"3,375,000",20 Dec 2018,101 CAIRNHILL CIRCLE #13-04,Newton
"1,630,000",20 Dec 2018,10 HOUGANG STREET 11 #10-30,Hougang
"2,075,000",20 Dec 2018,43 SIXTH AVENUE #02-09,Bukit Timah
"800,000",20 Dec 2018,283 BEDOK SOUTH AVENUE 3 #06-53,Bedok
"4,049,000",20 Dec 2018,10 ST. THOMAS WALK #22-07,River Valley
"1,188,000",20 Dec 2018,33 PHENG GECK AVENUE #02-10,Toa Payoh
"952,540",20 Dec 2018,12 FERNVALE STREET #22-14,Sengkang
"5,560,000",20 Dec 2018,8 MARTIN PLACE #23-01,River Valley
"1,525,000",20 Dec 2018,177 TANJONG RHU ROAD #03-21,Kallang
"903,000",20 Dec 2018,32 BAYSHORE ROAD #10-03,Bedok
"1,750,000",20 Dec 2018,70 BAYSHORE ROAD #17-11,Bedok
"1,880,000",20 Dec 2018,968 DUNEARN ROAD #05-20,Bukit Timah
"827,000",21 Dec 2018,15 BEDOK RESERVOIR VIEW #07-01,Bedok
"1,270,000",21 Dec 2018,31 JURONG WEST STREET 41 #16-23,Jurong West
"938,888",21 Dec 2018,3 JALAN MATA AYER #01-09,Mandai
"1,035,000",21 Dec 2018,26 BAYSHORE ROAD #06-05,Bedok
"1,796,500",21 Dec 2018,2 LEEDON ROAD #03-04,Bukit Timah
"2,750,000",21 Dec 2018,6A LINCOLN ROAD #09-14,Novena
"2,169,000",21 Dec 2018,2 WOODLEIGH LANE #07-02,Toa Payoh
"1,100,000",21 Dec 2018,68 EDGEDALE PLAINS #08-34,Punggol
"1,195,000",21 Dec 2018,8 UPPER SERANGOON CRESCENT #15-17,Hougang
"1,308,000",21 Dec 2018,105 PETIR ROAD #07-12,Bukit Panjang
"860,800",21 Dec 2018,59 TAMPINES STREET 86 #10-37,Tampines
"1,107,000",21 Dec 2018,4 WOODLEIGH LANE #13-16,Toa Payoh
"5,100,000",21 Dec 2018,72 FARRER ROAD #04-04,Tanglin
"1,380,000",21 Dec 2018,6 MARTIN PLACE #26-07,River Valley
"945,600",21 Dec 2018,53 TAMPINES STREET 86 #10-17,Tampines
"6,300,000",21 Dec 2018,16 LEONIE HILL ROAD #08-01,River Valley
"640,000",21 Dec 2018,2 CANBERRA DRIVE #10-01,Yishun
"650,000",21 Dec 2018,56 FLORA DRIVE #04-30,Pasir Ris
"9,000,000",21 Dec 2018,45 SCOTTS ROAD #25-04,Newton
"2,608,000",21 Dec 2018,1 KIM SENG WALK #17-02,Singapore River
"1,300,000",21 Dec 2018,33 MILTONIA CLOSE #06-28,Yishun
"900,000",21 Dec 2018,499 YIO CHU KANG ROAD #03-07,Ang Mo Kio
"708,000",21 Dec 2018,8 WHAMPOA EAST #15-21,Kallang
"1,292,000",21 Dec 2018,8 BEDOK RESERVOIR VIEW #03-23,Bedok
"905,000",21 Dec 2018,24 UPPER SERANGOON CRESCENT #10-58,Hougang
"1,750,000",21 Dec 2018,7 JERVOIS CLOSE #01-14,Tanglin
"1,634,000",21 Dec 2018,4 WOODLEIGH LANE #10-10,Toa Payoh
"880,000",22 Dec 2018,53 TAMPINES STREET 86 #14-21,Tampines
"1,438,000",22 Dec 2018,12 RIFLE RANGE ROAD #04-29,Bukit Timah
"1,850,000",23 Dec 2018,9 BEDOK SOUTH AVENUE 3 #05-40,Bedok
"1,582,000",23 Dec 2018,6 WOODLEIGH LANE #12-23,Toa Payoh
"1,107,000",23 Dec 2018,12 WOODLEIGH LANE #05-53,Toa Payoh
"2,265,000",23 Dec 2018,6 WOODLEIGH LANE #01-19,Toa Payoh
"1,397,000",23 Dec 2018,2 WOODLEIGH LANE #05-08,Toa Payoh
"2,800,000",24 Dec 2018,66 TREVOSE CRESCENT #01-02,Novena
"648,800",24 Dec 2018,51 TAMPINES STREET 86 #10-07,Tampines
"1,288,000",26 Dec 2018,140 HILLVIEW AVENUE #02-09,Bukit Batok
"2,403,000",26 Dec 2018,12 WOODLEIGH LANE #06-55,Toa Payoh
"1,020,000",26 Dec 2018,511 BEDOK RESERVOIR ROAD #03-38,Bedok
"645,600",26 Dec 2018,51 TAMPINES STREET 86 #09-07,Tampines
"1,330,000",26 Dec 2018,15 TAMPINES STREET 86 #13-36,Tampines
"1,500,000",26 Dec 2018,28 BUKIT BATOK STREET 52 #01-03,Bukit Batok
"1,950,000",26 Dec 2018,27A WEST COAST PARK #09-06,Clementi
"1,200,000",26 Dec 2018,14 UPPER SERANGOON CRESCENT #14-36,Hougang
"1,450,000",26 Dec 2018,27 KEPPEL BAY VIEW #09-81,Bukit Merah
"1,230,000",26 Dec 2018,23 WEST COAST CRESCENT #15-12,Clementi
"3,465,220",26 Dec 2018,28 SCOTTS ROAD #04-04,Newton
"1,880,000",26 Dec 2018,30 KEPPEL BAY DRIVE #03-48,Bukit Merah
"1,688,000",26 Dec 2018,4 WOODLEIGH LANE #10-15,Toa Payoh
"1,208,888",26 Dec 2018,14 CANBERRA DRIVE #07-29,Yishun
"838,000",26 Dec 2018,26 CANBERRA DRIVE #03-16,Yishun
"2,300,000",26 Dec 2018,2A LINCOLN ROAD #11-04,Novena
"1,030,000",26 Dec 2018,26 BUKIT BATOK EAST AVENUE 2 #16-04,Bukit Batok
"3,888,000",26 Dec 2018,109 PRINCE CHARLES CRESCENT #05-26,Bukit Merah
"1,260,000",26 Dec 2018,10 HOUGANG STREET 11 #03-31,Hougang
"6,416,000",26 Dec 2018,16 LEONIE HILL ROAD #19-01,River Valley
"1,850,000",26 Dec 2018,4B PARK VALE #01-06,Bukit Timah
"4,800,000",26 Dec 2018,106 DUCHESS AVENUE #01-12,Bukit Timah
"810,000",26 Dec 2018,491 YIO CHU KANG ROAD #07-05,Ang Mo Kio
"1,234,810",27 Dec 2018,18 FERNVALE STREET #06-33,Sengkang
"1,770,000",27 Dec 2018,43 MIMOSA ROAD #05-45,Serangoon
"1,210,000",27 Dec 2018,117 PASIR RIS GROVE #08-54,Pasir Ris
"2,470,000",27 Dec 2018,101 PRINCE CHARLES CRESCENT #23-01,Bukit Merah
"1,721,000",27 Dec 2018,72 POTONG PASIR AVENUE 1 #04-44,Toa Payoh
"2,480,000",27 Dec 2018,16A WEST COAST ROAD #05-21,Clementi
"838,000",27 Dec 2018,68 PHOENIX ROAD #05-10,Bukit Batok
"1,238,000",27 Dec 2018,1 BISHAN STREET 15 #24-07,Bishan
"2,550,000",27 Dec 2018,6 ALEXANDRA VIEW #38-03,Bukit Merah
"1,150,000",27 Dec 2018,527 BEDOK RESERVOIR ROAD #04-99,Bedok
"1,618,000",27 Dec 2018,525 CANBERRA DRIVE #01-59,Sembawang
"685,000",27 Dec 2018,16 ANG MO KIO AVENUE 2 #07-24,Ang Mo Kio
"929,880",27 Dec 2018,61 TAMPINES STREET 86 #14-41,Tampines
"2,130,000",27 Dec 2018,25 ANDERSON ROAD #09-01,Tanglin
"2,630,800",27 Dec 2018,10 ST. THOMAS WALK #23-08,River Valley
"1,700,000",27 Dec 2018,568 MACPHERSON ROAD #09-02,Geylang
"1,580,000",27 Dec 2018,950 DUNEARN ROAD #10-02,Bukit Timah
"1,280,000",27 Dec 2018,5 PEMIMPIN DRIVE #10-01,Bishan
"3,350,000",27 Dec 2018,370H ALEXANDRA ROAD #15-07,Queenstown
"1,308,000",27 Dec 2018,6 BEDOK RESERVOIR VIEW #05-15,Bedok
"5,508,000",27 Dec 2018,8 ST. THOMAS WALK #33-03,River Valley
"772,000",27 Dec 2018,13 JALAN MATA AYER #01-75,Mandai
"4,978,600",27 Dec 2018,8 MARTIN PLACE #13-01,River Valley
"708,000",27 Dec 2018,253 PASIR PANJANG ROAD #02-03,Queenstown
"1,230,000",28 Dec 2018,23 WEST COAST CRESCENT #21-12,Clementi
"915,680",28 Dec 2018,18 FERNVALE STREET #10-31,Sengkang
"668,000",28 Dec 2018,253C PASIR PANJANG ROAD #01-21,Queenstown
"1,888,000",28 Dec 2018,1 LORONG 5 TOA PAYOH #35-07,Toa Payoh
"980,000",28 Dec 2018,18 CANBERRA DRIVE #10-38,Yishun
"1,150,000",28 Dec 2018,323 CHOA CHU KANG AVENUE 3 #16-27,Choa Chu Kang
"610,000",28 Dec 2018,2 UPPER SERANGOON CRESCENT #06-02,Hougang
"1,548,000",28 Dec 2018,3 UPPER BUKIT TIMAH VIEW #07-04,Bukit Timah
"1,650,000",28 Dec 2018,953 BUKIT TIMAH ROAD #05-06,Bukit Timah
"1,857,000",28 Dec 2018,103 PRINCE CHARLES CRESCENT #19-10,Bukit Merah
"1,300,000",28 Dec 2018,19 SELETAR ROAD #05-43,Serangoon
"870,000",28 Dec 2018,89 FLORA DRIVE #04-72,Pasir Ris
"2,300,000",28 Dec 2018,10 STIRLING ROAD #38-01,Queenstown
"1,622,810",28 Dec 2018,16 FERNVALE STREET #02-21,Sengkang
"990,000",28 Dec 2018,35 LORONG ONG LYE #04-02,Serangoon
"1,380,000",28 Dec 2018,6 KOVAN RISE #10-15,Hougang
"4,000,000",28 Dec 2018,16 BALMORAL CRESCENT #09-04,Newton
"670,000",28 Dec 2018,87 COMPASSVALE BOW #08-25,Sengkang
"1,275,000",28 Dec 2018,10 KANDIS LINK #02-17,Sembawang
"916,920",28 Dec 2018,51 TAMPINES STREET 86 #14-11,Tampines
"1,330,000",28 Dec 2018,21 COMPASSVALE ROAD #01-19,Sengkang
"1,020,000",28 Dec 2018,10 WEST COAST CRESCENT #07-01,Clementi
"2,750,000",28 Dec 2018,188 KENG LEE ROAD #20-02,Novena
"1,060,000",28 Dec 2018,752 BEDOK RESERVOIR ROAD #05-05,Bedok
"1,745,000",28 Dec 2018,1001 BUKIT TIMAH ROAD #07-12,Bukit Timah
"1,280,000",28 Dec 2018,79 PASIR RIS GROVE #01-37,Pasir Ris
"1,730,000",28 Dec 2018,750 BEDOK RESERVOIR ROAD #08-02,Bedok
"3,215,000",28 Dec 2018,475 RIVER VALLEY ROAD #19-05,Tanglin
"1,770,000",28 Dec 2018,958 DUNEARN ROAD #03-20,Bukit Timah
"1,280,000",28 Dec 2018,3 JALAN MEMBINA #03-02,Bukit Merah
"673,110",29 Dec 2018,51 TAMPINES STREET 86 #15-07,Tampines
"666,630",30 Dec 2018,51 TAMPINES STREET 86 #13-07,Tampines
"1,672,280",30 Dec 2018,16 FERNVALE STREET #20-21,Sengkang
"826,000",30 Dec 2018,62 POTONG PASIR AVENUE 1 #09-16,Toa Payoh
"1,157,000",30 Dec 2018,8 WOODLEIGH LANE #10-26,Toa Payoh
"1,196,000",31 Dec 2018,55 TAMPINES STREET 86 #05-25,Tampines
